draw_id,proposal_seed,simulation_seed,profile,fixed_snapshot_hash,divProbP,pOffMax,sim_abc_target_01_jnkp_s480,resid_abc_target_01_jnkp_s480,contrib_abc_target_01_jnkp_s480,valid_abc_target_01_jnkp_s480,invalid_reason_abc_target_01_jnkp_s480,sim_abc_target_02_jnkp_s1440,resid_abc_target_02_jnkp_s1440,contrib_abc_target_02_jnkp_s1440,valid_abc_target_02_jnkp_s1440,invalid_reason_abc_target_02_jnkp_s1440,sim_abc_target_03_ec_s480,resid_abc_target_03_ec_s480,contrib_abc_target_03_ec_s480,valid_abc_target_03_ec_s480,invalid_reason_abc_target_03_ec_s480,sim_abc_target_04_ec_s960,resid_abc_target_04_ec_s960,contrib_abc_target_04_ec_s960,valid_abc_target_04_ec_s960,invalid_reason_abc_target_04_ec_s960,sim_abc_target_05_ec_s1440,resid_abc_target_05_ec_s1440,contrib_abc_target_05_ec_s1440,valid_abc_target_05_ec_s1440,invalid_reason_abc_target_05_ec_s1440,sim_abc_target_06_mac_s1440,resid_abc_target_06_mac_s1440,contrib_abc_target_06_mac_s1440,valid_abc_target_06_mac_s1440,invalid_reason_abc_target_06_mac_s1440,sim_abc_target_07_fibro_s1440,resid_abc_target_07_fibro_s1440,contrib_abc_target_07_fibro_s1440,valid_abc_target_07_fibro_s1440,invalid_reason_abc_target_07_fibro_s1440,sim_abc_target_08_tumor_s480,resid_abc_target_08_tumor_s480,contrib_abc_target_08_tumor_s480,valid_abc_target_08_tumor_s480,invalid_reason_abc_target_08_tumor_s480,sim_abc_target_09_tumor_s960,resid_abc_target_09_tumor_s960,contrib_abc_target_09_tumor_s960,valid_abc_target_09_tumor_s960,invalid_reason_abc_target_09_tumor_s960,sim_abc_target_10_tumor_s1440,resid_abc_target_10_tumor_s1440,contrib_abc_target_10_tumor_s1440,valid_abc_target_10_tumor_s1440,invalid_reason_abc_target_10_tumor_s1440,total_distance,outcome_status,failure_reason,fit_category,runtime_ms,accepted
0,1416576198029308359,-2881128985029837879,"core2","f4b76e1803cd2605d808916783df8e9c7c74b60968f1484e6e5449cd13b1d998",0.00866983093031,0.0147083844154,0.887445887446,1.78722943723,3.19418906130,true,"",0.576195219124,2.18097609562,4.75665672966,true,"",0.310344827586,0.801724137931,0.321380796671,true,"",0.714285714286,2.07142857143,2.14540816327,true,"",0.500000000000,-1.50000000000,2.25000000000,true,"",0.848547717842,0.392738589212,0.154243599456,true,"",0.580105415440,-1.92553549837,3.70768695549,true,"",0.965671971220,2.02100730082,4.08447050995,true,"",1.55822842180,2.88232748816,8.30781174901,true,"",1.90482369980,2.94379148074,8.66590828210,true,"",6.13088540481,"VALID_FINITE","","poor",4608,false
1,-7498969120372073574,-30354657054463668,"core2","f4b76e1803cd2605d808916783df8e9c7c74b60968f1484e6e5449cd13b1d998",0.00912097725829,0.162094193387,0.360655737705,-0.846721311475,0.716936979307,true,"",0.232876712329,0.464383561644,0.215652092325,true,"",0.227272727273,0.386363636364,0.0746384297521,true,"",0.428571428571,0.642857142857,0.206632653061,true,"",0,-4,16,true,"",0.561555075594,-1.04222462203,1.08623216277,true,"",1.20640775519,0.394102797003,0.155317014605,true,"",0.387389826339,-0.120778420968,0.0145874269714,true,"",0.465382851448,-1.16524869834,1.35780452898,true,"",0.465382851448,-2.38747092056,5.70001739653,true,"",5.05250617855,"VALID_FINITE","","poor",1508,false
2,-110516176218236446,7430334452338160583,"core2","f4b76e1803cd2605d808916783df8e9c7c74b60968f1484e6e5449cd13b1d998",0.0224009197233,0.0404267727480,0.655319148936,0.626595744681,0.392622227252,true,"",0.261115602264,0.605578011318,0.366724727792,true,"",0.315789473684,0.828947368421,0.343576869806,true,"",0,-1.50000000000,1.12500000000,true,"",NaN,3,9,false,"EC_POPULATION_ZERO",0.957650273224,0.938251366120,0.880315626026,true,"",-0.976197085327,-7.68961883455,59.1302378206,true,"",1.57518784493,4.27847349973,18.3053354879,true,"",2.12083706025,4.96606318613,24.6617835686,true,"",2.29648968229,4.39440623069,19.3108061203,true,"",11.5549297898,"STROMAL_COMPARTMENT_LOSS","EC_POPULATION_ZERO","invalid",11364,false
3,-7076710222137169057,571004463556660001,"core2","f4b76e1803cd2605d808916783df8e9c7c74b60968f1484e6e5449cd13b1d998",0.0216872561141,0.150432622952,0.442253521127,-0.438732394366,0.192486113866,true,"",0.183600000000,0.218000000000,0.0475240000000,true,"",0.160000000000,0.0500000000000,0.00125000000000,true,"",0,-1.50000000000,1.12500000000,true,"",0,-4,16,true,"",0.840188014101,0.350940070505,0.123158933086,true,"",0.529856731991,-2.11164173337,4.45903081010,true,"",1.15228834438,2.71217905327,7.35591521700,true,"",1.74973631557,3.59161598359,12.8997053736,true,"",2,3.29629629630,10.8655692730,true,"",7.28489119484,"VALID_FINITE","","poor",5946,false
4,-700619545967326233,-5595343470939789837,"core2","f4b76e1803cd2605d808916783df8e9c7c74b60968f1484e6e5449cd13b1d998",0.0123410586386,0.172619321113,0.388571428571,-0.707142857143,0.500051020408,true,"",0.150537634409,0.0526881720430,0.00277604347323,true,"",0.375000000000,1.12500000000,0.632812500000,true,"",0.727272727273,2.13636363636,2.28202479339,true,"",0.600000000000,-1.00000000000,1.00000000000,true,"",0.808617234469,0.193086172345,0.0372822699507,true,"",0.673137773385,-1.58097120969,2.49946996586,true,"",0.845098040014,1.57443718524,2.47885245026,true,"",1.31889771463,1.99591746158,3.98368651345,true,"",1.52478544932,1.53624240489,2.36004072659,true,"",3.97202672239,"VALID_FINITE","","borderline",2587,true
5,410568255117025151,-4888303727432641374,"core2","f4b76e1803cd2605d808916783df8e9c7c74b60968f1484e6e5449cd13b1d998",0.0122346179169,0.193917152044,0.293706293706,-1.18146853147,1.39586789085,true,"",0.175879396985,0.179396984925,0.0321832782000,true,"",0.333333333333,0.916666666667,0.420138888889,true,"",0.625000000000,1.62500000000,1.32031250000,true,"",NaN,3,9,false,"EC_POPULATION_ZERO",0.623529411765,-0.732352941176,0.536340830450,true,"",1.18616814922,0.319141293413,0.101851165161,true,"",0.757396028793,1.24961492146,1.56153745192,true,"",0.903089986992,0.455888840711,0.207834635085,true,"",1.20194306340,0.340529864451,0.115960588583,true,"",3.83301803141,"STROMAL_COMPARTMENT_LOSS","EC_POPULATION_ZERO","invalid",2183,false
6,-1074943413341872803,-4863915425968645605,"core2","f4b76e1803cd2605d808916783df8e9c7c74b60968f1484e6e5449cd13b1d998",0.0152140980265,0.188392091359,0.356435643564,-0.867821782178,0.753114645623,true,"",0.129692832765,-0.0515358361775,0.00265594241051,true,"",0.361111111111,1.05555555556,0.557098765432,true,"",0.571428571429,1.35714285714,0.920918367347,true,"",0.200000000000,-3.00000000000,9.00000000000,true,"",0.838095238095,0.340476190476,0.115924036281,true,"",0.671837489533,-1.58578707580,2.51472064978,true,"",0.907411360775,1.80522726213,3.25884546793,true,"",1.33765889103,2.06540330010,4.26589079205,true,"",1.54604886640,1.61499580149,2.60821143882,true,"",4.89871208642,"VALID_FINITE","","poor",3061,false
7,2655654301910373306,6770773632695391747,"core2","f4b76e1803cd2605d808916783df8e9c7c74b60968f1484e6e5449cd13b1d998",0.0158128697633,0.156150528539,0.388429752066,-0.707851239669,0.501053377502,true,"",0.172385620915,0.161928104575,0.0262207110513,true,"",0.257142857143,0.535714285714,0.143494897959,true,"",0.777777777778,2.38888888889,2.85339506173,true,"",1,1.00000000000,1.00000000000,true,"",0.750495049505,-0.0975247524752,0.00951107734536,true,"",0.960651631701,-0.516105067774,0.266364440982,true,"",0.985875357308,2.09583465670,4.39252290822,true,"",1.40483371662,2.31419895044,5.35551678224,true,"",1.68984140914,2.14756077458,4.61201728053,true,"",4.37722475292,"VALID_FINITE","","poor",3804,false
8,-2938632009547603771,6978389678810850119,"core2","f4b76e1803cd2605d808916783df8e9c7c74b60968f1484e6e5449cd13b1d998",0.0153416173201,0.0812679488031,0.546777546778,0.0838877338877,0.00703715189682,true,"",0.187174139729,0.235870698644,0.0556349864790,true,"",0.230769230769,0.403846153846,0.0815458579882,true,"",0.857142857143,2.78571428571,3.88010204082,true,"",0.800000000000,0,0,true,"",0.923423423423,0.767117117117,0.588468671374,true,"",0.199894173728,-3.33372528249,11.1137242591,true,"",1.28420506770,3.20075951001,10.2448614409,true,"",1.69757803365,3.39843716167,11.5493751418,true,"",1.88490859416,2.87003183023,8.23708270654,true,"",6.76445358155,"VALID_FINITE","","poor",5602,false
9,-1605355429127583166,-7626951394930314315,"core2","f4b76e1803cd2605d808916783df8e9c7c74b60968f1484e6e5449cd13b1d998",0.00989753347439,0.116732334470,0.526315789474,-0.0184210526316,0.000339335180055,true,"",0.266978922717,0.634894613583,0.403091170357,true,"",0.315789473684,0.828947368421,0.343576869806,true,"",0.687500000000,1.93750000000,1.87695312500,true,"",0.500000000000,-1.50000000000,2.25000000000,true,"",0.687500000000,-0.412500000000,0.170156250000,true,"",1.03466799108,-0.241970403399,0.0585496761209,true,"",0.579783596617,0.591791098581,0.350216704359,true,"",0.989449817667,0.775740065432,0.601772649117,true,"",1.23248786635,0.453658764270,0.205806274399,true,"",2.50209153596,"VALID_FINITE","","good",1900,true
10,5250463817985577108,-5841960445747163699,"core2","f4b76e1803cd2605d808916783df8e9c7c74b60968f1484e6e5449cd13b1d998",0.0164693474629,0.0436402101745,0.640901771337,0.554508856683,0.307480072140,true,"",0.188460332393,0.242301661963,0.0587100953900,true,"",0.571428571429,2.10714285714,2.22002551020,true,"",0.615384615385,1.57692307692,1.24334319527,true,"",NaN,3,9,false,"EC_POPULATION_ZERO",0.948790896159,0.893954480797,0.799154613736,true,"",-0.411925654889,-5.59972464774,31.3569161305,true,"",1.39515159150,3.61167256113,13.0441786888,true,"",1.91211572908,4.19302121881,17.5814269414,true,"",2.10571451057,3.68783152063,13.6001013246,true,"",9.44517530658,"STROMAL_COMPARTMENT_LOSS","EC_POPULATION_ZERO","invalid",7696,false
11,8775230975193635344,-789842855966405095,"core2","f4b76e1803cd2605d808916783df8e9c7c74b60968f1484e6e5449cd13b1d998",0.0279528815296,0.0259821605296,0.759923175416,1.14961587708,1.32161666484,true,"",0.316181844760,0.880909223798,0.776001060572,true,"",0.333333333333,0.916666666667,0.420138888889,true,"",0,-1.50000000000,1.12500000000,true,"",NaN,3,9,false,"EC_POPULATION_ZERO",0.978260869565,1.04130434783,1.08431474480,true,"",NaN,3,9,false,"FIBROBLAST_POPULATION_ZERO",1.79574102087,5.09533711433,25.9624603087,true,"",2.32707271667,5.72989895063,32.8317419844,true,"",2.43717958175,4.91547993242,24.1619429660,true,"",10.2802342686,"STROMAL_COMPARTMENT_LOSS","EC_POPULATION_ZERO;FIBROBLAST_POPULATION_ZERO","invalid",15747,false
12,8715377416030827562,-5086228544063121404,"core2","f4b76e1803cd2605d808916783df8e9c7c74b60968f1484e6e5449cd13b1d998",0.00957182975624,0.132903802602,0.401015228426,-0.644923857868,0.415926782447,true,"",0.267045454545,0.635227272727,0.403513688017,true,"",0.272727272727,0.613636363636,0.188274793388,true,"",0,-1.50000000000,1.12500000000,true,"",0,-4,16,true,"",0.713147410359,-0.284262948207,0.0808054237234,true,"",1.19190737149,0.340397672179,0.115870575225,true,"",0.896526217490,1.76491191663,3.11491407346,true,"",1,0.814814814815,0.663923182442,true,"",0.847572659142,-0.971953114288,0.944692856375,true,"",4.80134578791,"VALID_FINITE","","poor",2116,false
13,-8879895859922159816,3593557378105339335,"core2","f4b76e1803cd2605d808916783df8e9c7c74b60968f1484e6e5449cd13b1d998",0.0120410731626,0.0303211518682,0.760383386581,1.15191693291,1.32691262032,true,"",0.466895537028,1.63447768514,2.67151730322,true,"",0.0500000000000,-0.500000000000,0.125000000000,true,"",0,-1.50000000000,1.12500000000,true,"",NaN,3,9,false,"EC_POPULATION_ZERO",0.807372175981,0.186860879905,0.0349169884388,true,"",0.947046933303,-0.566492839619,0.320914137339,true,"",1.11533309583,2.57530776235,6.63221007083,true,"",1.65240751914,3.23113895977,10.4402589774,true,"",1.92920598407,3.03409623728,9.20573997710,true,"",Infinity,"INITIALIZATION_FAILURE","initial tumour count did not equal initPop","invalid",4914,false
14,-6750112667357117079,945543119573250923,"core2","f4b76e1803cd2605d808916783df8e9c7c74b60968f1484e6e5449cd13b1d998",0.0220094056219,0.129629829592,0.357456140351,-0.862719298246,0.744284587565,true,"",0.0985533453888,-0.207233273056,0.0429456294615,true,"",0.375000000000,1.12500000000,0.632812500000,true,"",0.615384615385,1.57692307692,1.24334319527,true,"",NaN,3,9,false,"EC_POPULATION_ZERO",0.887223411849,0.586117059243,0.343533207136,true,"",-0.0416986340838,-4.22851345957,17.8803260778,true,"",1.26102483399,3.11490679256,9.70264432636,true,"",1.72851610476,3.51302261022,12.3413278599,true,"",1.94684511396,3.09942634800,9.60644368669,true,"",7.84459438532,"STROMAL_COMPARTMENT_LOSS","EC_POPULATION_ZERO","invalid",5835,false
15,-2011401702172547365,8921620644983025731,"core2","f4b76e1803cd2605d808916783df8e9c7c74b60968f1484e6e5449cd13b1d998",0.00761000096275,0.0213940190805,0.833333333333,1.51666666667,2.30027777778,true,"",0.564476885645,2.12238442822,4.50451566117,true,"",0.200000000000,0.250000000000,0.0312500000000,true,"",0.500000000000,1,0.500000000000,true,"",0.750000000000,-0.250000000000,0.0625000000000,true,"",0.781060606061,0.0553030303030,0.00305842516070,true,"",0.863490412006,-0.875961437015,0.767308439137,true,"",0.658964842664,0.885054972831,0.783322304933,true,"",1.19423674872,1.53421018046,2.35380087782,true,"",1.51693180887,1.50715484766,2.27151573482,true,"",3.68477261453,"VALID_FINITE","","borderline",2659,true
16,2761339247537095338,-2933946630962433760,"core2","f4b76e1803cd2605d808916783df8e9c7c74b60968f1484e6e5449cd13b1d998",0.0112198651510,0.158809491956,0.429906542056,-0.500467289720,0.250467508079,true,"",0.175108538350,0.175542691751,0.0308152366272,true,"",0.333333333333,0.916666666667,0.420138888889,true,"",0,-1.50000000000,1.12500000000,true,"",1,1.00000000000,1.00000000000,true,"",0.762061403509,-0.0396929824561,0.00157553285626,true,"",0.695284314759,-1.49894698237,2.24684205597,true,"",0.631443769013,0.783125070419,0.613284875919,true,"",1.19645254170,1.54241682112,2.37904965009,true,"",1.44153803870,1.22791866186,1.50778424014,true,"",3.09434290094,"VALID_FINITE","","borderline",2152,true
17,6808780358865486706,-7160206747715183974,"core2","f4b76e1803cd2605d808916783df8e9c7c74b60968f1484e6e5449cd13b1d998",0.00547650492223,0.194179398849,0.256756756757,-1.36621621622,1.86654674945,true,"",0.326086956522,0.930434782609,0.865708884688,true,"",0.148148148148,-0.00925925925926,4.28669410151e-05,true,"",0.285714285714,-0.0714285714286,0.00255102040816,true,"",0,-4,16,true,"",0.488541666667,-1.40729166667,1.98046983507,true,"",1.27406022940,0.644667516313,0.415596206589,true,"",0.471291711059,0.189969300218,0.0360883350254,true,"",0.387389826339,-1.45411175430,2.11444099400,true,"",0.565847818674,-2.01537844936,4.06175029413,true,"",5.22907211523,"VALID_FINITE","","poor",1477,false
18,3865524721624997749,7381179709756015496,"core2","f4b76e1803cd2605d808916783df8e9c7c74b60968f1484e6e5449cd13b1d998",0.00933269655104,0.155273923564,0.457142857143,-0.364285714286,0.132704081633,true,"",0.263157894737,0.615789473684,0.379196675900,true,"",0.457142857143,1.53571428571,1.17920918367,true,"",0.666666666667,1.83333333333,1.68055555556,true,"",NaN,3,9,false,"EC_POPULATION_ZERO",0.538699690402,-1.15650154799,1.33749583050,true,"",1.19504167093,0.352006188644,0.123908356844,true,"",0.447158031342,0.100585301267,0.0101174028311,true,"",0.725911632295,-0.200327287796,0.0401310222357,true,"",0.783903579273,-1.20776452121,1.45869513870,true,"",3.91688820977,"STROMAL_COMPARTMENT_LOSS","EC_POPULATION_ZERO","invalid",1594,false
19,-964896843205876642,7260539833494461255,"core2","f4b76e1803cd2605d808916783df8e9c7c74b60968f1484e6e5449cd13b1d998",0.0139029107283,0.196208841879,0.440000000000,-0.450000000000,0.202500000000,true,"",0.181443298969,0.207216494845,0.0429386757360,true,"",0,-0.750000000000,0.281250000000,true,"",0.500000000000,1,0.500000000000,true,"",1,1.00000000000,1.00000000000,true,"",0.756260434057,-0.0686978297162,0.00471939180772,true,"",0.904235379696,-0.725054149274,0.525703519379,true,"",0.602059991328,0.674296264178,0.454675451884,true,"",1.10174707395,1.19165582943,1.42004361582,true,"",1.28780172993,0.658524925668,0.433655077725,true,"",2.20578460697,"VALID_FINITE","","good",2109,true
20,8913748940516211759,-266802697984315248,"core2","f4b76e1803cd2605d808916783df8e9c7c74b60968f1484e6e5449cd13b1d998",0.0109391293561,0.109078064897,0.664062500000,0.670312500000,0.449318847656,true,"",0.301972685888,0.809863429439,0.655878774342,true,"",0.142857142857,-0.0357142857143,0.000637755102041,true,"",0.375000000000,0.375000000000,0.0703125000000,true,"",NaN,3,9,false,"EC_POPULATION_ZERO",0.759953161593,-0.0502341920375,0.00252347404966,true,"",1.11016274535,0.0376397975829,0.00141675436208,true,"",0.709269960976,1.07137022584,1.14783416081,true,"",1.23653726149,1.69087874625,2.85907093453,true,"",1.42094540592,1.15164965156,1.32629691994,true,"",3.93869142239,"STROMAL_COMPARTMENT_LOSS","EC_POPULATION_ZERO","invalid",2504,false
21,6606203669695285322,2427329556838516378,"core2","f4b76e1803cd2605d808916783df8e9c7c74b60968f1484e6e5449cd13b1d998",0.0206091851405,0.135156959770,0.455056179775,-0.374719101124,0.140414404747,true,"",0.165508786269,0.127543931345,0.0162674544228,true,"",0.291666666667,0.708333333333,0.250868055556,true,"",0.545454545455,1.22727272727,0.753099173554,true,"",0.500000000000,-1.50000000000,2.25000000000,true,"",0.906072106262,0.680360531309,0.462890452563,true,"",0.374050933007,-2.68870024812,7.22910902426,true,"",1.32960124836,3.36889351243,11.3494434981,true,"",1.80154090619,3.78348483774,14.3147575174,true,"",1.99069396068,3.26182948400,10.6395315827,true,"",6.88522920194,"VALID_FINITE","","poor",6694,false
22,6691053644413660226,-3388523612364145511,"core2","f4b76e1803cd2605d808916783df8e9c7c74b60968f1484e6e5449cd13b1d998",0.0282976913033,0.153741065832,0.522108843537,-0.0394557823129,0.00155675875792,true,"",0.117664493183,-0.111677534084,0.0124718716191,true,"",0.107142857143,-0.214285714286,0.0229591836735,true,"",0.909090909091,3.04545454545,4.63739669421,true,"",0,-4,16,true,"",0.938218390805,0.841091954023,0.707435675122,true,"",-0.0588666592208,-4.29209873785,18.4221115755,true,"",1.37143731740,3.52384191631,12.4174618512,true,"",1.94743372189,4.32382859958,18.6954937586,true,"",2.13020506958,3.77853729474,14.2773440878,true,"",9.23007212628,"VALID_FINITE","","poor",8268,false
23,-8173908161559866279,8016452884668751749,"core2","f4b76e1803cd2605d808916783df8e9c7c74b60968f1484e6e5449cd13b1d998",0.0134106332166,0.196185936480,0.411392405063,-0.593037974684,0.351694039417,true,"",0.190476190476,0.252380952381,0.0636961451247,true,"",0.291666666667,0.708333333333,0.250868055556,true,"",NaN,3,4.50000000000,false,"EC_POPULATION_ZERO",NaN,3,9,false,"EC_POPULATION_ZERO",0.626050420168,-0.719747899160,0.518037038345,true,"",1.12783455192,0.103090933034,0.0106277404739,true,"",0.800717078282,1.41006325290,1.98827837717,true,"",1.08350261983,1.12408377715,1.26356433805,true,"",1.33925263403,0.849083829751,0.720943349944,true,"",4.32061443363,"STROMAL_COMPARTMENT_LOSS","EC_POPULATION_ZERO","invalid",2602,false
24,-2871100228417658148,1106333444880432161,"core2","f4b76e1803cd2605d808916783df8e9c7c74b60968f1484e6e5449cd13b1d998",0.0135448458487,0.105927384609,0.462500000000,-0.337500000000,0.113906250000,true,"",0.206829896907,0.334149484536,0.111655878016,true,"",0.357142857143,1.03571428571,0.536352040816,true,"",0.857142857143,2.78571428571,3.88010204082,true,"",0.800000000000,0,0,true,"",0.858407079646,0.442035398230,0.195395293288,true,"",0.782210106861,-1.17699960422,1.38532806833,true,"",1.10720996965,2.54522210981,6.47815558825,true,"",1.59505508976,3.01872255466,9.11268586204,true,"",1.79295170825,2.52945077130,6.39812120441,true,"",5.31146893298,"VALID_FINITE","","poor",4686,false
25,5116762738426475657,4472166607511178942,"core2","f4b76e1803cd2605d808916783df8e9c7c74b60968f1484e6e5449cd13b1d998",0.0116064464444,0.122271650703,0.531034482759,0.00517241379310,2.67538644471e-05,true,"",0.306122448980,0.830612244898,0.689916701374,true,"",0.129032258065,-0.104838709677,0.00549557752341,true,"",0.600000000000,1.50000000000,1.12500000000,true,"",1,1.00000000000,1.00000000000,true,"",0.735785953177,-0.171070234114,0.0292650249997,true,"",1.19718345483,0.359938721598,0.129555883305,true,"",0.763427993563,1.27195553171,1.61787087466,true,"",1.11925588928,1.25650329362,1.57880052688,true,"",1.24649858080,0.505550299244,0.255581105065,true,"",2.53604267466,"VALID_FINITE","","good",2309,true
26,-997147142623532006,723551599953023028,"core2","f4b76e1803cd2605d808916783df8e9c7c74b60968f1484e6e5449cd13b1d998",0.00988722080939,0.144442576736,0.366834170854,-0.815829145729,0.665577195020,true,"",0.240449438202,0.502247191011,0.252252240879,true,"",0.0869565217391,-0.315217391304,0.0496810018904,true,"",0.333333333333,0.166666666667,0.0138888888889,true,"",NaN,3,9,false,"EC_POPULATION_ZERO",0.739752144900,-0.151239275500,0.0228733184539,true,"",1.06255550366,-0.138683319761,0.0192330631798,true,"",0.900913067738,1.78115951014,3.17252920056,true,"",1.16790781000,1.43669559260,2.06409422579,true,"",1.25042000231,0.520074082626,0.270477051419,true,"",3.94088900961,"STROMAL_COMPARTMENT_LOSS","EC_POPULATION_ZERO","invalid",2435,false
27,-4573587649914632690,8162247822871789145,"core2","f4b76e1803cd2605d808916783df8e9c7c74b60968f1484e6e5449cd13b1d998",0.0226211925588,0.0806541873162,0.504091653028,-0.129541734861,0.0167810610708,true,"",0.187410175338,0.237050876689,0.0561931181389,true,"",0.413793103448,1.31896551724,0.869835017836,true,"",0.300000000000,0,0,true,"",0.250000000000,-2.75000000000,7.56250000000,true,"",0.927250308261,0.786251541307,0.618191486208,true,"",-0.198045834944,-4.80757716646,23.1127982115,true,"",1.38810120157,3.58556000582,12.8562405553,true,"",1.92074926128,4.22499726398,17.8506018807,true,"",2.14351442008,3.82783118547,14.6522915844,true,"",8.80882698860,"VALID_FINITE","","poor",8097,false
28,-7166825903349073726,1246591770736864336,"core2","f4b76e1803cd2605d808916783df8e9c7c74b60968f1484e6e5449cd13b1d998",0.0256927418427,0.123974205010,0.427966101695,-0.510169491525,0.260272910083,true,"",0.144469525959,0.0223476297968,0.000499416557537,true,"",0.441176470588,1.45588235294,1.05979671280,true,"",0.857142857143,2.78571428571,3.88010204082,true,"",NaN,3,9,false,"EC_POPULATION_ZERO",0.903903903904,0.669519519520,0.448256387018,true,"",0.305593552351,-2.94224610240,8.65681212711,true,"",1.45209324902,3.82256758895,14.6120229721,true,"",1.88739221897,4.10145266286,16.8219139457,true,"",2.09356175757,3.64282132432,13.2701472009,true,"",8.24680687982,"STROMAL_COMPARTMENT_LOSS","EC_POPULATION_ZERO","invalid",7791,false
29,4999088815877389900,2488561697742730361,"core2","f4b76e1803cd2605d808916783df8e9c7c74b60968f1484e6e5449cd13b1d998",0.00623175805864,0.0165398896234,0.902777777778,1.86388888889,3.47408179012,true,"",0.705653021442,2.82826510721,7.99908351668,true,"",0.300000000000,0.750000000000,0.281250000000,true,"",0,-1.50000000000,1.12500000000,true,"",1,1.00000000000,1.00000000000,true,"",0.749758454106,-0.101207729469,0.0102430045042,true,"",0.933358943914,-0.617189096616,0.380922380981,true,"",0.459392487759,0.145898102812,0.0212862564041,true,"",1.05230909965,1.00855222092,1.01717758231,true,"",1.31217735644,0.748805023851,0.560708963745,true,"",3.98368591819,"VALID_FINITE","","borderline",1901,true
30,-2541567416730693464,3553832143355579337,"core2","f4b76e1803cd2605d808916783df8e9c7c74b60968f1484e6e5449cd13b1d998",0.00541588784713,0.140238085638,0.523809523810,-0.0309523809524,0.000958049886621,true,"",0.428571428571,1.44285714286,2.08183673469,true,"",0.142857142857,-0.0357142857143,0.000637755102041,true,"",1,3.50000000000,6.12500000000,true,"",0.833333333333,0.166666666667,0.0277777777778,true,"",0.488995215311,-1.40502392344,1.97409222545,true,"",1.17751617778,0.287096954744,0.0824246614236,true,"",0.526339277390,0.393849175518,0.155117173056,true,"",0.623249290398,-0.580558183711,0.337047804674,true,"",0.447158031342,-2.45497025429,6.02687894944,true,"",4.10021598596,"VALID_FINITE","","poor",1562,false
31,-7406092945271574930,1156714753975794884,"core2","f4b76e1803cd2605d808916783df8e9c7c74b60968f1484e6e5449cd13b1d998",0.0170180436290,0.199328043036,0.341637010676,-0.941814946619,0.887015393675,true,"",0.148330058939,0.0416502946955,0.00173474704822,true,"",0.0869565217391,-0.315217391304,0.0496810018904,true,"",0.500000000000,1,0.500000000000,true,"",1,1.00000000000,1.00000000000,true,"",0.783450704225,0.0672535211268,0.00452303610395,true,"",1.08121541596,-0.0695725334886,0.00484033741602,true,"",1.05076631123,2.33617152309,5.45769738527,true,"",1.39863432454,2.29123823903,5.24977266800,true,"",1.60980776933,1.85113988640,3.42671887903,true,"",4.07209816292,"VALID_FINITE","","poor",3849,false
32,-6539857023066283215,460390363953985655,"core2","f4b76e1803cd2605d808916783df8e9c7c74b60968f1484e6e5449cd13b1d998",0.0282913145579,0.134237322785,0.452185792350,-0.389071038251,0.151376272806,true,"",0.140368178830,0.00184089414859,3.38889126630e-06,true,"",0.233333333333,0.416666666667,0.0868055555556,true,"",1,3.50000000000,6.12500000000,true,"",0,-4,16,true,"",0.897147796024,0.635738980121,0.404164050845,true,"",-0.122904566698,-4.52927617295,20.5143426509,true,"",1.46657107239,3.87618915699,15.0248423807,true,"",1.92716497430,4.24875916407,18.0519544343,true,"",2.08521920104,3.61192296683,13.0459875183,true,"",9.45539402946,"VALID_FINITE","","poor",8703,false
33,5210532191017645713,7172605284486162241,"core2","f4b76e1803cd2605d808916783df8e9c7c74b60968f1484e6e5449cd13b1d998",0.0229057541546,0.131000444138,0.466257668712,-0.318711656442,0.101577119952,true,"",0.150117279124,0.0505863956216,0.00255898342198,true,"",0.272727272727,0.613636363636,0.188274793388,true,"",1,3.50000000000,6.12500000000,true,"",NaN,3,9,false,"EC_POPULATION_ZERO",0.907002188184,0.685010940919,0.469239989179,true,"",0.0651955998308,-3.83260888952,14.6888909000,true,"",1.29136885045,3.22729203871,10.4154139031,true,"",1.80536490747,3.79764780543,14.4221288541,true,"",2.00996053147,3.33318715359,11.1101366009,true,"",8.15617687057,"STROMAL_COMPARTMENT_LOSS","EC_POPULATION_ZERO","invalid",6425,false
34,-6697496508708413321,-7620573685675398763,"core2","f4b76e1803cd2605d808916783df8e9c7c74b60968f1484e6e5449cd13b1d998",0.0116764009245,0.107783101073,0.474264705882,-0.278676470588,0.0776605752595,true,"",0.172680412371,0.163402061856,0.0267002338187,true,"",0.315789473684,0.828947368421,0.343576869806,true,"",0.333333333333,0.166666666667,0.0138888888889,true,"",NaN,3,9,false,"EC_POPULATION_ZERO",0.840138408304,0.350692041522,0.122984907987,true,"",0.197959673951,-3.34089009648,11.1615466367,true,"",1.03662889536,2.28381072356,5.21579142106,true,"",1.38952046585,2.25748320684,5.09623042916,true,"",1.66801297164,2.06671470978,4.27130969164,true,"",5.94387833442,"STROMAL_COMPARTMENT_LOSS","EC_POPULATION_ZERO","invalid",3426,false
35,6429901035406671532,1986554392198735847,"core2","f4b76e1803cd2605d808916783df8e9c7c74b60968f1484e6e5449cd13b1d998",0.0132031563323,0.160860393179,0.385964912281,-0.720175438596,0.518652662358,true,"",0.174186778594,0.170933892970,0.0292183957657,true,"",0.0666666666667,-0.416666666667,0.0868055555556,true,"",1,3.50000000000,6.12500000000,true,"",NaN,3,9,false,"EC_POPULATION_ZERO",0.779220779221,0.0461038961039,0.00212556923596,true,"",0.961655007924,-0.512388859542,0.262542343382,true,"",1.05690485134,2.35890685680,5.56444155907,true,"",1.41630758706,2.35669476689,5.55401022428,true,"",1.58115289197,1.74501071099,3.04506238146,true,"",5.49434788588,"STROMAL_COMPARTMENT_LOSS","EC_POPULATION_ZERO","invalid",3538,false
36,-500258934663655853,270812342373094077,"core2","f4b76e1803cd2605d808916783df8e9c7c74b60968f1484e6e5449cd13b1d998",0.00516178641771,0.164206419328,0.356164383562,-0.869178082192,0.755470538563,true,"",0.100543478261,-0.197282608696,0.0389204276938,true,"",0.370370370370,1.10185185185,0.607038751715,true,"",1,3.50000000000,6.12500000000,true,"",NaN,3,9,false,"EC_POPULATION_ZERO",0.802910052910,0.164550264550,0.0270767895636,true,"",NaN,3,9,false,"FIBROBLAST_POPULATION_ZERO",0.465382851448,0.168084634994,0.0282524445211,true,"",0.864511081058,0.313004003920,0.0979715064699,true,"",1.16790781000,0.214473370376,0.0459988266004,true,"",5.07205375416,"STROMAL_COMPARTMENT_LOSS","EC_POPULATION_ZERO;FIBROBLAST_POPULATION_ZERO","invalid",1423,false
37,-7572094839386939227,9172534550696650483,"core2","f4b76e1803cd2605d808916783df8e9c7c74b60968f1484e6e5449cd13b1d998",0.0292955187004,0.112445335575,0.392658509455,-0.686707452725,0.471567125628,true,"",0.129229062673,-0.0538546866334,0.00290032727238,true,"",0.333333333333,0.916666666667,0.420138888889,true,"",1,3.50000000000,6.12500000000,true,"",0,-4,16,true,"",0.961023142509,0.955115712546,0.912246024352,true,"",-0.156653149786,-4.65427092513,21.6622378445,true,"",1.55581968306,4.20673956689,17.6966577837,true,"",2.02464983118,4.60981418955,21.2503868622,true,"",2.15908571371,3.88550264339,15.0971307918,true,"",9.98189689630,"VALID_FINITE","","poor",9421,false
38,2948113964640781607,-136574839794486963,"core2","f4b76e1803cd2605d808916783df8e9c7c74b60968f1484e6e5449cd13b1d998",0.0176189742581,0.0918749412502,0.503717472119,-0.131412639405,0.0172692817954,true,"",0.235090751945,0.475453759723,0.226056277635,true,"",0.413793103448,1.31896551724,0.869835017836,true,"",0.428571428571,0.642857142857,0.206632653061,true,"",NaN,3,9,false,"EC_POPULATION_ZERO",0.869646182495,0.498230912477,0.248234042147,true,"",0.350138775601,-2.77726379407,7.71319418185,true,"",1.33284226699,3.38089728516,11.4304664528,true,"",1.82865989654,3.88392554272,15.0848776214,true,"",1.96642334594,3.17193831831,10.0611926952,true,"",7.40660234006,"STROMAL_COMPARTMENT_LOSS","EC_POPULATION_ZERO","invalid",6631,false
39,-3997958115516376918,-6459043004918682331,"core2","f4b76e1803cd2605d808916783df8e9c7c74b60968f1484e6e5449cd13b1d998",0.0242730174651,0.141043098234,0.375215146299,-0.773924268503,0.598958773377,true,"",0.136610046982,-0.0169497650885,0.000287294536557,true,"",0.487804878049,1.68902439024,1.42640169542,true,"",0.363636363636,0.318181818182,0.0506198347107,true,"",0.333333333333,-2.33333333333,5.44444444444,true,"",0.916030534351,0.730152671756,0.533122924072,true,"",-0.0841024826369,-4.38556475051,19.2331781809,true,"",1.36623612372,3.50457823599,12.2820686122,true,"",1.83607080892,3.91137336635,15.2988416110,true,"",2.04406915047,3.45951537211,11.9682466098,true,"",8.17533913550,"VALID_FINITE","","poor",7024,false
40,-7004877463446611084,-3678841057577605172,"core2","f4b76e1803cd2605d808916783df8e9c7c74b60968f1484e6e5449cd13b1d998",0.0233111788721,0.0957842065943,0.496062992126,-0.169685039370,0.0287930125860,true,"",0.176213060927,0.181065304633,0.0327846445420,true,"",0.189189189189,0.195945945946,0.0191974068663,true,"",0.555555555556,1.27777777778,0.816358024691,true,"",NaN,3,9,false,"EC_POPULATION_ZERO",0.870074547391,0.500372736954,0.250372875887,true,"",0.247385377098,-3.15783193667,9.97190254028,true,"",1.30792370361,3.28860630967,10.8149314600,true,"",1.82840207849,3.88297066108,15.0774611548,true,"",2.03996902687,3.44432972914,11.8634072830,true,"",7.60757572442,"STROMAL_COMPARTMENT_LOSS","EC_POPULATION_ZERO","invalid",7146,false
41,3426688595836716427,-7772673862529163797,"core2","f4b76e1803cd2605d808916783df8e9c7c74b60968f1484e6e5449cd13b1d998",0.0281481768091,0.0310701022285,0.725663716814,0.978318584071,0.957107251938,true,"",0.324288256228,0.921441281139,0.849054034587,true,"",0.384615384615,1.17307692308,0.688054733728,true,"",0.200000000000,-0.500000000000,0.125000000000,true,"",0,-4,16,true,"",0.965141612200,0.975708061002,0.952006220305,true,"",NaN,3,9,false,"FIBROBLAST_POPULATION_ZERO",1.85925841747,5.33058673136,28.4151549006,true,"",2.28393411346,5.57012634614,31.0263075119,true,"",2.43097755294,4.89250945535,23.9366487707,true,"",10.5806112027,"STROMAL_COMPARTMENT_LOSS","FIBROBLAST_POPULATION_ZERO","invalid",15776,false
42,162597562766660988,8217406211191316004,"core2","f4b76e1803cd2605d808916783df8e9c7c74b60968f1484e6e5449cd13b1d998",0.0295925957756,0.0630467799640,0.588366890380,0.291834451902,0.0851673473167,true,"",0.167136528393,0.135682641965,0.0184097793307,true,"",0.185185185185,0.175925925926,0.0154749657064,true,"",0,-1.50000000000,1.12500000000,true,"",NaN,3,9,false,"EC_POPULATION_ZERO",0.857988165680,0.439940828402,0.193547932495,true,"",-0.921839423005,-7.48829415928,56.0745494159,true,"",1.72948876918,4.84995840437,23.5220965241,true,"",2.16447182428,5.12767342325,26.2930347355,true,"",2.29806670655,4.40024706128,19.3621742003,true,"",11.6485816691,"STROMAL_COMPARTMENT_LOSS","EC_POPULATION_ZERO","invalid",12715,false
43,-5751264995850268778,5159000267337806869,"core2","f4b76e1803cd2605d808916783df8e9c7c74b60968f1484e6e5449cd13b1d998",0.0287829377267,0.0878286642624,0.528735632184,-0.00632183908046,3.99656493592e-05,true,"",0.158480681074,0.0924034053700,0.00853838932397,true,"",0.421052631579,1.35526315789,0.918369113573,true,"",0,-1.50000000000,1.12500000000,true,"",NaN,3,9,false,"EC_POPULATION_ZERO",0.967672413793,0.988362068966,0.976859579370,true,"",-1.19804583494,-8.51128087016,72.4419020508,true,"",1.58297192910,4.30730344113,18.5528629340,true,"",2.10325623336,4.90094901243,24.0193012224,true,"",2.26302028310,4.27044549298,18.2367047085,true,"",12.0531978314,"STROMAL_COMPARTMENT_LOSS","EC_POPULATION_ZERO","invalid",11156,false
44,-1584290651386675147,-1962418337062164537,"core2","f4b76e1803cd2605d808916783df8e9c7c74b60968f1484e6e5449cd13b1d998",0.0139435774276,0.0373061640536,0.676595744681,0.732978723404,0.537257808963,true,"",0.296934205994,0.784671029969,0.615708625273,true,"",0.324324324324,0.871621621622,0.379862125639,true,"",0.428571428571,0.642857142857,0.206632653061,true,"",NaN,3,9,false,"EC_POPULATION_ZERO",0.910224438903,0.701122194514,0.491572331640,true,"",-0.131099045313,-4.55962609375,20.7901901148,true,"",1.27415784926,3.16354758987,10.0080333533,true,"",1.85853719757,3.99458221322,15.9566870582,true,"",2.06490702716,3.53669269318,12.5081952060,true,"",8.39607880364,"STROMAL_COMPARTMENT_LOSS","EC_POPULATION_ZERO","invalid",6680,false
45,9142969240408580229,-4240644602370164185,"core2","f4b76e1803cd2605d808916783df8e9c7c74b60968f1484e6e5449cd13b1d998",0.0239659003177,0.0764119804053,0.538551401869,0.0427570093458,0.00182816184820,true,"",0.180495689655,0.202478448276,0.0409975220162,true,"",0.347826086957,0.989130434783,0.489189508507,true,"",1,3.50000000000,6.12500000000,true,"",NaN,3,9,false,"EC_POPULATION_ZERO",0.912280701754,0.711403508772,0.506094952293,true,"",-0.539504487663,-6.07223884320,36.8720845688,true,"",1.53453375601,4.12790280002,17.0395815264,true,"",2.00225247992,4.52686103674,20.4924708460,true,"",2.17166795887,3.93210355139,15.4614383388,true,"",10.2970231341,"STROMAL_COMPARTMENT_LOSS","EC_POPULATION_ZERO","invalid",9584,false
46,5792514096169376343,-8582748156297792506,"core2","f4b76e1803cd2605d808916783df8e9c7c74b60968f1484e6e5449cd13b1d998",0.0125262449493,0.0688342177051,0.525925925926,-0.0203703703704,0.000414951989026,true,"",0.309009009009,0.845045045045,0.714101128155,true,"",0.0555555555556,-0.472222222222,0.111496913580,true,"",NaN,3,4.50000000000,false,"EC_POPULATION_ZERO",NaN,3,9,false,"EC_POPULATION_ZERO",0.817592592593,0.237962962963,0.0566263717421,true,"",0.864744994916,-0.871314833645,0.759189539331,true,"",0.732393759823,1.15701392527,1.33868122327,true,"",1.32878720035,2.03254518650,4.13123993516,true,"",1.64738297011,1.99030729672,3.96132313538,true,"",4.95712348027,"STROMAL_COMPARTMENT_LOSS","EC_POPULATION_ZERO","invalid",2982,false
47,-9183183319201233231,6657243354625772917,"core2","f4b76e1803cd2605d808916783df8e9c7c74b60968f1484e6e5449cd13b1d998",0.0260878949511,0.0130235630430,0.844525105868,1.57262552934,2.47315105553,true,"",0.563385627530,2.11692813765,4.48138473998,true,"",0.333333333333,0.916666666667,0.420138888889,true,"",0.400000000000,0.500000000000,0.125000000000,true,"",0,-4,16,true,"",0.966966966967,0.984834834835,0.969899651904,true,"",NaN,3,9,false,"FIBROBLAST_POPULATION_ZERO",1.82033284490,5.18641794407,26.8989310906,true,"",2.32395300754,5.71834447238,32.6994635048,true,"",2.49990692291,5.14780341818,26.4998800322,true,"",10.9347084535,"STROMAL_COMPARTMENT_LOSS","FIBROBLAST_POPULATION_ZERO","invalid",15752,false
48,-4331537740127621921,-2077686492798071053,"core2","f4b76e1803cd2605d808916783df8e9c7c74b60968f1484e6e5449cd13b1d998",0.0166111190449,0.144116113356,0.521235521236,-0.0438223938224,0.00192040220033,true,"",0.211845102506,0.359225512528,0.129042968851,true,"",0.210526315789,0.302631578947,0.0457929362881,true,"",0,-1.50000000000,1.12500000000,true,"",NaN,3,9,false,"EC_POPULATION_ZERO",0.837090163934,0.335450819672,0.112527252419,true,"",0.949458729563,-0.557560260877,0.310873444509,true,"",1.01535975541,2.20503613115,4.86218433966,true,"",1.49913699454,2.66347035014,7.09407430607,true,"",1.72164576629,2.26535468996,5.13183187133,true,"",5.27382664877,"STROMAL_COMPARTMENT_LOSS","EC_POPULATION_ZERO","invalid",4206,false
49,6181908103302849812,-6103634730111328512,"core2","f4b76e1803cd2605d808916783df8e9c7c74b60968f1484e6e5449cd13b1d998",0.0279655587230,0.184606855677,0.340308370044,-0.948458149780,0.899572861884,true,"",0.100406268137,-0.197968659315,0.0391915900710,true,"",0.264705882353,0.573529411765,0.164467993080,true,"",0.571428571429,1.35714285714,0.920918367347,true,"",0,-4,16,true,"",0.928987194412,0.794935972061,0.631923199676,true,"",0.0491087799374,-3.89218970394,15.1491406914,true,"",1.56014583985,4.22276236981,17.8317220319,true,"",1.98190917009,4.45151544478,19.8159897551,true,"",2.13937526444,3.81250097941,14.5351637180,true,"",9.27297634034,"VALID_FINITE","","poor",9153,false
50,-1425559875234263374,9140971256545163691,"core2","f4b76e1803cd2605d808916783df8e9c7c74b60968f1484e6e5449cd13b1d998",0.0124658694582,0.161149145738,0.485106382979,-0.224468085106,0.0503859212313,true,"",0.190476190476,0.252380952381,0.0636961451247,true,"",0.387096774194,1.18548387097,0.702686004162,true,"",0,-1.50000000000,1.12500000000,true,"",NaN,3,9,false,"EC_POPULATION_ZERO",0.767366720517,-0.0131663974152,0.000173354020895,true,"",0.855032608540,-0.907286635038,0.823169038119,true,"",0.973127853600,2.04862168000,4.19685078776,true,"",1.38453261549,2.23900968702,5.01316437855,true,"",1.55774774164,1.65832496904,2.75004170295,true,"",4.87084872809,"STROMAL_COMPARTMENT_LOSS","EC_POPULATION_ZERO","invalid",3592,false
51,730932154600104098,922200473169402767,"core2","f4b76e1803cd2605d808916783df8e9c7c74b60968f1484e6e5449cd13b1d998",0.0244568716262,0.182229078972,0.314102564103,-1.07948717949,1.16529257068,true,"",0.122402890696,-0.0879855465221,0.00774145639680,true,"",0.294117647059,0.720588235294,0.259623702422,true,"",0.333333333333,0.166666666667,0.0138888888889,true,"",NaN,3,9,false,"EC_POPULATION_ZERO",0.894581280788,0.622906403941,0.388012388071,true,"",0.157341823043,-3.49132658132,12.1893612975,true,"",1.39724458101,3.61942437411,13.1002327999,true,"",1.76671020726,3.65448224912,13.3552405091,true,"",1.94723760787,3.10088002915,9.61545695519,true,"",7.68731751446,"STROMAL_COMPARTMENT_LOSS","EC_POPULATION_ZERO","invalid",6161,false
52,6715457326057091380,1314308713335233848,"core2","f4b76e1803cd2605d808916783df8e9c7c74b60968f1484e6e5449cd13b1d998",0.0196859365530,0.195501685990,0.366883116883,-0.815584415584,0.665177938944,true,"",0.188620420889,0.243102104443,0.0590986331845,true,"",0.222222222222,0.361111111111,0.0652006172840,true,"",0.666666666667,1.83333333333,1.68055555556,true,"",NaN,3,9,false,"EC_POPULATION_ZERO",0.879407616361,0.547038081805,0.299250662945,true,"",0.957290202521,-0.528554805477,0.279370182392,true,"",1.09061070783,2.48374336233,6.16898108991,true,"",1.47070442972,2.55816455453,6.54420588805,true,"",1.71028664770,2.22328388038,4.94299121276,true,"",5.45021392067,"STROMAL_COMPARTMENT_LOSS","EC_POPULATION_ZERO","invalid",4211,false
53,-1743417707521164798,-2156119987682223657,"core2","f4b76e1803cd2605d808916783df8e9c7c74b60968f1484e6e5449cd13b1d998",0.00713347570304,0.0917209651633,0.525641025641,-0.0217948717949,0.000475016436555,true,"",0.268041237113,0.640206185567,0.409863960038,true,"",0.318181818182,0.840909090909,0.353564049587,true,"",0.700000000000,2.00000000000,2.00000000000,true,"",0.714285714286,-0.428571428571,0.183673469388,true,"",0.531658291457,-1.19170854271,1.42016925078,true,"",1.18875028729,0.328704767757,0.108046824346,true,"",0.494154594018,0.274646644513,0.0754307793421,true,"",0.536558442572,-0.901635397883,0.812946390716,true,"",0.588831725594,-1.93025286817,3.72587613508,true,"",3.01497029433,"VALID_FINITE","","borderline",1376,true
54,-4018700661276076132,5275420913580086152,"core2","f4b76e1803cd2605d808916783df8e9c7c74b60968f1484e6e5449cd13b1d998",0.0177280740599,0.0517587655394,0.656015037594,0.630075187970,0.396994742495,true,"",0.257519432241,0.587597161203,0.345270423854,true,"",0.371428571429,1.10714285714,0.612882653061,true,"",0.444444444444,0.722222222222,0.260802469136,true,"",0.833333333333,0.166666666667,0.0277777777778,true,"",0.906350914962,0.681754574812,0.464789300277,true,"",0.194064630068,-3.35531618493,11.2581467009,true,"",1.32797162362,3.36285786527,11.3088130220,true,"",1.88671627412,4.09894916339,16.8013842441,true,"",2.07320495649,3.56742576477,12.7265265872,true,"",7.36229501723,"VALID_FINITE","","poor",7355,false
55,8133803249169102220,9029125588321415289,"core2","f4b76e1803cd2605d808916783df8e9c7c74b60968f1484e6e5449cd13b1d998",0.0197067162527,0.0358483061815,0.673881673882,0.719408369408,0.517548401975,true,"",0.251199302224,0.555996511121,0.309132120379,true,"",0.437500000000,1.43750000000,1.03320312500,true,"",0,-1.50000000000,1.12500000000,true,"",NaN,3,9,false,"EC_POPULATION_ZERO",0.915375446961,0.726877234803,0.528350514475,true,"",NaN,3,9,false,"FIBROBLAST_POPULATION_ZERO",1.44279322594,3.78812305904,14.3498763104,true,"",2.04875245770,4.69908317666,22.0813827012,true,"",2.26349404172,4.27220015453,18.2516941603,true,"",8.72904275014,"STROMAL_COMPARTMENT_LOSS","EC_POPULATION_ZERO;FIBROBLAST_POPULATION_ZERO","invalid",9878,false
56,-8969740614486366795,-6760336628840996762,"core2","f4b76e1803cd2605d808916783df8e9c7c74b60968f1484e6e5449cd13b1d998",0.0161329610778,0.177299519966,0.380471380471,-0.747643097643,0.558970201453,true,"",0.153303964758,0.0665198237885,0.00442488695686,true,"",0.115384615385,-0.173076923077,0.0149778106509,true,"",0.703703703704,2.01851851852,2.03720850480,true,"",0.818181818182,0.0909090909091,0.00826446280992,true,"",0.768804433888,-0.00597783056215,3.57344582298e-05,true,"",0.797589359654,-1.12003940869,1.25448827702,true,"",1.07481644065,2.42524607646,5.88181853140,true,"",1.51215053692,2.71166865527,7.35314689596,true,"",1.65705585286,2.02613278836,4.10521407607,true,"",4.60635966698,"VALID_FINITE","","poor",3984,false
57,-3365842687095286869,122854762281494831,"core2","f4b76e1803cd2605d808916783df8e9c7c74b60968f1484e6e5449cd13b1d998",0.0159316286911,0.130476763295,0.526666666667,-0.0166666666667,0.000277777777778,true,"",0.180672268908,0.203361344538,0.0413558364522,true,"",0.280000000000,0.650000000000,0.211250000000,true,"",0.500000000000,1,0.500000000000,true,"",0.785714285714,-0.0714285714286,0.00510204081633,true,"",0.796978281398,0.134891406988,0.0181956916791,true,"",0.521653654251,-2.14202350277,4.58826468644,true,"",1.07918124605,2.44141202240,5.96049266311,true,"",1.62777537523,3.13990879715,9.85902725439,true,"",1.82373498840,2.64346292000,6.98789620939,true,"",5.30771722684,"VALID_FINITE","","poor",4815,false
58,-8877402215709990553,6631427245772425204,"core2","f4b76e1803cd2605d808916783df8e9c7c74b60968f1484e6e5449cd13b1d998",0.00931214794424,0.165792753622,0.398305084746,-0.658474576271,0.433588767596,true,"",0.175847457627,0.179237288136,0.0321260054582,true,"",0.433333333333,1.41666666667,1.00347222222,true,"",0.666666666667,1.83333333333,1.68055555556,true,"",NaN,3,9,false,"EC_POPULATION_ZERO",0.853787878788,0.418939393939,0.175510215794,true,"",0.973843062879,-0.467247915263,0.218320614318,true,"",0.673941998634,0.940525920867,0.884589007823,true,"",1.11793383504,1.25160679644,1.56651957290,true,"",1.27600198996,0.614822185045,0.378006319223,true,"",3.92080199460,"STROMAL_COMPARTMENT_LOSS","EC_POPULATION_ZERO","invalid",2269,false
59,6606453526217636714,1485718233862200973,"core2","f4b76e1803cd2605d808916783df8e9c7c74b60968f1484e6e5449cd13b1d998",0.0139612152465,0.0916688936229,0.478048780488,-0.259756097561,0.0674732302201,true,"",0.208477508651,0.342387543253,0.117229229775,true,"",0.483870967742,1.66935483871,1.39337278876,true,"",1,3.50000000000,6.12500000000,true,"",0,-4,16,true,"",0.815463917526,0.227319587629,0.0516741949198,true,"",0.827715027201,-1.00846286222,1.01699734448,true,"",0.913813852384,1.82894019401,3.34502223328,true,"",1.42291798077,2.38117770655,5.67000727016,true,"",1.66501782541,2.05562157560,4.22558006208,true,"",6.16541615413,"VALID_FINITE","","poor",3277,false
60,8556745591604045457,4453416924914513247,"core2","f4b76e1803cd2605d808916783df8e9c7c74b60968f1484e6e5449cd13b1d998",0.0237192869867,0.108151624510,0.438036809816,-0.459815950920,0.211430708721,true,"",0.128197757976,-0.0590112101178,0.00348232291957,true,"",0.400000000000,1.25000000000,0.781250000000,true,"",1,3.50000000000,6.12500000000,true,"",NaN,3,9,false,"EC_POPULATION_ZERO",0.968141592920,0.990707964602,0.981502271125,true,"",-0.265797619211,-5.05850970078,25.5885203929,true,"",1.51321760007,4.04895407433,16.3940290960,true,"",1.95616843048,4.35617937213,18.9762987222,true,"",2.14351442008,3.82783118547,14.6522915844,true,"",9.62880081309,"STROMAL_COMPARTMENT_LOSS","EC_POPULATION_ZERO","invalid",8663,false
61,4058550399678658199,-2267900021127856868,"core2","f4b76e1803cd2605d808916783df8e9c7c74b60968f1484e6e5449cd13b1d998",0.0228035202993,0.134026468820,0.504708097928,-0.126459510358,0.0159920077599,true,"",0.148394675020,0.0419733750979,0.00176176421711,true,"",0.161290322581,0.0564516129032,0.00159339229969,true,"",0.250000000000,-0.250000000000,0.0312500000000,true,"",NaN,3,9,false,"EC_POPULATION_ZERO",0.882352941176,0.561764705882,0.315579584775,true,"",0.196016518665,-3.34808696791,11.2096863447,true,"",1.32715451241,3.35983152744,11.2884678928,true,"",1.79518458968,3.75994292475,14.1371707974,true,"",2.00928088426,3.33066994169,11.0933622605,true,"",7.55611434828,"STROMAL_COMPARTMENT_LOSS","EC_POPULATION_ZERO","invalid",6719,false
62,-8766017138139393391,4001124597449180732,"core2","f4b76e1803cd2605d808916783df8e9c7c74b60968f1484e6e5449cd13b1d998",0.00935603110021,0.0945258059471,0.402684563758,-0.636577181208,0.405230507635,true,"",0.260089686099,0.600448430493,0.360538317682,true,"",0.260869565217,0.554347826087,0.153650756144,true,"",0.714285714286,2.07142857143,2.14540816327,true,"",0,-4,16,true,"",0.777254901961,0.0362745098039,0.00131584006151,true,"",0.902324710174,-0.732130703060,0.536015366363,true,"",0.775246259740,1.31572688793,1.73113724361,true,"",1.20411998266,1.57081475058,2.46745898063,true,"",1.42748610910,1.17587447813,1.38268078832,true,"",5.01831007050,"VALID_FINITE","","poor",2540,false
63,2520898751126355330,-3476774630664367518,"core2","f4b76e1803cd2605d808916783df8e9c7c74b60968f1484e6e5449cd13b1d998",0.0140694910100,0.184217378215,0.403726708075,-0.631366459627,0.398623606342,true,"",0.141496598639,0.00748299319728,5.59951871905e-05,true,"",0.333333333333,0.916666666667,0.420138888889,true,"",0.625000000000,1.62500000000,1.32031250000,true,"",0.750000000000,-0.250000000000,0.0625000000000,true,"",0.738165680473,-0.159171597633,0.0253355974931,true,"",1.08424891711,-0.0583373440532,0.00340324571118,true,"",0.808885867360,1.44031802726,2.07451601965,true,"",1.11527759140,1.24176885702,1.54198989427,true,"",1.46834733041,1.32721233486,1.76149258180,true,"",2.75832708890,"VALID_FINITE","","good",2323,true
64,-8182776380114650303,-6804863180880368849,"core2","f4b76e1803cd2605d808916783df8e9c7c74b60968f1484e6e5449cd13b1d998",0.0246796931458,0.132312620388,0.376436781609,-0.767816091954,0.589541551064,true,"",0.157984337760,0.0899216887981,0.00808591011630,true,"",0.360000000000,1.05000000000,0.551250000000,true,"",0,-1.50000000000,1.12500000000,true,"",NaN,3,9,false,"EC_POPULATION_ZERO",0.936696340257,0.833481701286,0.694691746378,true,"",0.406420226150,-2.56881397722,6.59880524957,true,"",1.44466923094,3.79507122570,14.4025656081,true,"",1.88963780041,4.10976963114,16.8902064210,true,"",2.06996393785,3.55542199204,12.6410255415,true,"",7.90576827562,"STROMAL_COMPARTMENT_LOSS","EC_POPULATION_ZERO","invalid",7832,false
65,7428413327287366354,5503520193502935139,"core2","f4b76e1803cd2605d808916783df8e9c7c74b60968f1484e6e5449cd13b1d998",0.00865536721969,0.0539186847061,0.590000000000,0.300000000000,0.0900000000000,true,"",0.341801385681,1.00900692841,1.01809498157,true,"",0.166666666667,0.0833333333333,0.00347222222222,true,"",0.333333333333,0.166666666667,0.0138888888889,true,"",0.857142857143,0.285714285714,0.0816326530612,true,"",0.736000000000,-0.170000000000,0.0289000000000,true,"",0.957964572970,-0.526057137147,0.276736111543,true,"",0.602059991328,0.674296264178,0.454675451884,true,"",0.971275848738,0.708429069400,0.501871746372,true,"",1.23854788768,0.476103287709,0.226674340567,true,"",1.64193373682,"VALID_FINITE","","good",1959,true
66,7632451499609937849,4633998221097375592,"core2","f4b76e1803cd2605d808916783df8e9c7c74b60968f1484e6e5449cd13b1d998",0.00655690834688,0.158849409022,0.358490566038,-0.857547169811,0.735387148451,true,"",0.266666666667,0.633333333333,0.401111111111,true,"",0.291666666667,0.708333333333,0.250868055556,true,"",0.454545454545,0.772727272727,0.298553719008,true,"",0.833333333333,0.166666666667,0.0277777777778,true,"",0.516231195566,-1.26884402217,1.60996515260,true,"",1.05561518600,-0.164388199989,0.0270234802956,true,"",0.326335860929,-0.346904218782,0.120342537009,true,"",0.158362492095,-2.30236114039,5.30086682077,true,"",0.380211241712,-2.70292132699,7.30578369992,true,"",4.00969818097,"VALID_FINITE","","poor",1327,false
67,5730552830982730041,916419206448798532,"core2","f4b76e1803cd2605d808916783df8e9c7c74b60968f1484e6e5449cd13b1d998",0.0282091620426,0.0766707824588,0.516638935108,-0.0668053244592,0.00446295137610,true,"",0.168612483161,0.143062415806,0.0204668548163,true,"",0.233333333333,0.416666666667,0.0868055555556,true,"",0.500000000000,1,0.500000000000,true,"",NaN,3,9,false,"EC_POPULATION_ZERO",0.968176254590,0.990881272950,0.981845697083,true,"",-0.851258348719,-7.22688277303,52.2278346152,true,"",1.68196445899,4.67394244072,21.8457379392,true,"",2.08891534660,4.84783461706,23.5015004743,true,"",2.25081020403,4.22522297787,17.8525092128,true,"",11.2259148091,"STROMAL_COMPARTMENT_LOSS","EC_POPULATION_ZERO","invalid",11281,false
68,7541786583067380477,-1196529401643041746,"core2","f4b76e1803cd2605d808916783df8e9c7c74b60968f1484e6e5449cd13b1d998",0.0254226478212,0.182982837359,0.329690346084,-1.00154826958,1.00309893630,true,"",0.106746031746,-0.166269841270,0.0276456601159,true,"",0.310344827586,0.801724137931,0.321380796671,true,"",1,3.50000000000,6.12500000000,true,"",0.166666666667,-3.16666666667,10.0277777778,true,"",0.858037578288,0.440187891441,0.193765379771,true,"",0.366225595495,-2.71768297965,7.38580077787,true,"",1.34163233578,3.41345309547,11.6516620350,true,"",1.83758843824,3.91699421569,15.3428436857,true,"",2.00346053211,3.30911308189,10.9502293887,true,"",7.93909342671,"VALID_FINITE","","poor",7061,false
69,-7450085837911799896,4979056907322600684,"core2","f4b76e1803cd2605d808916783df8e9c7c74b60968f1484e6e5449cd13b1d998",0.0247712527588,0.0150318705683,0.841772151899,1.55886075949,2.43004686749,true,"",0.497126436782,1.78563218391,3.18848229621,true,"",0.333333333333,0.916666666667,0.420138888889,true,"",NaN,3,4.50000000000,false,"EC_POPULATION_ZERO",NaN,3,9,false,"EC_POPULATION_ZERO",0.994350282486,1.12175141243,1.25832623129,true,"",NaN,3,9,false,"FIBROBLAST_POPULATION_ZERO",1.80071707828,5.11376695660,26.1506124864,true,"",2.30405946622,5.64466468969,31.8622394591,true,"",2.48606191610,5.09652561517,25.9745733461,true,"",10.6669779964,"STROMAL_COMPARTMENT_LOSS","EC_POPULATION_ZERO;FIBROBLAST_POPULATION_ZERO","invalid",15285,false
70,5512658186593835294,-1776212826624967458,"core2","f4b76e1803cd2605d808916783df8e9c7c74b60968f1484e6e5449cd13b1d998",0.0221278949229,0.112165729451,0.476394849785,-0.268025751073,0.0718378032382,true,"",0.179034582133,0.195172910663,0.0380924650566,true,"",0.357142857143,1.03571428571,0.536352040816,true,"",0,-1.50000000000,1.12500000000,true,"",1,1.00000000000,1.00000000000,true,"",0.928256070640,0.791280353201,0.626124597362,true,"",0.201820094764,-3.32659224161,11.0662159420,true,"",1.44653716707,3.80198950768,14.4551242165,true,"",1.88581337466,4.09560509134,16.7739810642,true,"",2.04547945311,3.46473871523,12.0044143648,true,"",7.59586351206,"VALID_FINITE","","poor",7792,false
71,-5855491631629277351,-4910256759585403274,"core2","f4b76e1803cd2605d808916783df8e9c7c74b60968f1484e6e5449cd13b1d998",0.0177171678196,0.0749358466043,0.576842105263,0.234210526316,0.0548545706371,true,"",0.201665459812,0.308327299059,0.0950657233448,true,"",0.363636363636,1.06818181818,0.570506198347,true,"",0.545454545455,1.22727272727,0.753099173554,true,"",0.666666666667,-0.666666666667,0.444444444444,true,"",0.885281385281,0.576406926407,0.332244944810,true,"",0.100564686597,-3.70161227186,13.7019334112,true,"",1.27875360095,3.18056889242,10.1160184794,true,"",1.80509287834,3.79664029016,14.4144774929,true,"",2.04328366557,3.45660616878,11.9481262060,true,"",7.24090951778,"VALID_FINITE","","poor",6828,false
72,-4376359328724814902,6209001946232606682,"core2","f4b76e1803cd2605d808916783df8e9c7c74b60968f1484e6e5449cd13b1d998",0.0297957851088,0.0663802858509,0.552016985138,0.110084925690,0.0121186908642,true,"",0.175353685778,0.176768428891,0.0312470774524,true,"",0.269230769231,0.596153846154,0.177699704142,true,"",0.800000000000,2.50000000000,3.12500000000,true,"",NaN,3,9,false,"EC_POPULATION_ZERO",0.974459724951,1.02229862475,1.04509447817,true,"",-0.689890346484,-6.62922350550,43.9466042858,true,"",1.75220215318,4.93408204880,24.3451656643,true,"",2.18706927123,5.21136767122,27.1583530047,true,"",2.33219599532,4.52665183454,20.4905768311,true,"",11.3724166181,"STROMAL_COMPARTMENT_LOSS","EC_POPULATION_ZERO","invalid",12900,false
73,-3696627197514004685,23120852119684951,"core2","f4b76e1803cd2605d808916783df8e9c7c74b60968f1484e6e5449cd13b1d998",0.0125168014972,0.0790884803375,0.523012552301,-0.0349372384937,0.00122061063357,true,"",0.272859216255,0.664296081277,0.441289283600,true,"",0.363636363636,1.06818181818,0.570506198347,true,"",0.428571428571,0.642857142857,0.206632653061,true,"",NaN,3,9,false,"EC_POPULATION_ZERO",0.807017543860,0.185087719298,0.0342574638350,true,"",0.846842196904,-0.937621492947,0.879134064036,true,"",0.980457892276,2.07576997139,4.30882097414,true,"",1.48967729166,2.62843441357,6.90866746644,true,"",1.74130920890,2.33818225518,5.46709625846,true,"",5.27424164905,"STROMAL_COMPARTMENT_LOSS","EC_POPULATION_ZERO","invalid",4017,false
74,-4518390994337594456,4708157843950218806,"core2","f4b76e1803cd2605d808916783df8e9c7c74b60968f1484e6e5449cd13b1d998",0.0292746212737,0.137213334965,0.418107833164,-0.559460834181,0.312996424983,true,"",0.126852092540,-0.0657395373018,0.00432168676465,true,"",0.304347826087,0.771739130435,0.297790642722,true,"",0.714285714286,2.07142857143,2.14540816327,true,"",0.428571428571,-1.85714285714,3.44897959184,true,"",0.932475884244,0.812379421222,0.659960324025,true,"",-0.720924580224,-6.74416511194,45.4837630571,true,"",1.59461350916,4.35042040430,18.9261576941,true,"",2.02970836251,4.62854949080,21.4234703887,true,"",2.18718217763,3.98956362087,15.9166178850,true,"",10.4220662951,"VALID_FINITE","","poor",10261,false
75,-1752583006963351059,-2122420304988400897,"core2","f4b76e1803cd2605d808916783df8e9c7c74b60968f1484e6e5449cd13b1d998",0.0236242028006,0.0277099435965,0.762000000000,1.16000000000,1.34560000000,true,"",0.363423844632,1.11711922316,1.24795535876,true,"",0.366666666667,1.08333333333,0.586805555556,true,"",0.600000000000,1.50000000000,1.12500000000,true,"",0,-4,16,true,"",0.958461538462,0.942307692308,0.887943786982,true,"",-1.30719030437,-8.91551964581,79.4864905548,true,"",1.60205999133,4.37799996788,19.1668837188,true,"",2.16232538919,5.11972366367,26.2115703923,true,"",2.34721288640,4.58226994965,20.9971978914,true,"",12.9249931241,"VALID_FINITE","","poor",12053,false
76,-2031271524755674877,-6591018123876151656,"core2","f4b76e1803cd2605d808916783df8e9c7c74b60968f1484e6e5449cd13b1d998",0.0262573306189,0.0474634621444,0.673486088380,0.717430441899,0.514706438963,true,"",0.234457220815,0.472286104073,0.223054164101,true,"",0.400000000000,1.25000000000,0.781250000000,true,"",0.285714285714,-0.0714285714286,0.00255102040816,true,"",NaN,3,9,false,"EC_POPULATION_ZERO",0.988486842105,1.09243421053,1.19341250433,true,"",-1.19804583494,-8.51128087016,72.4419020508,true,"",1.68913119723,4.70048591568,22.0945678435,true,"",2.16280329238,5.12149367549,26.2296974681,true,"",2.31226200598,4.45282224438,19.8276259401,true,"",12.3413438259,"STROMAL_COMPARTMENT_LOSS","EC_POPULATION_ZERO","invalid",12233,false
77,5290018038947637991,-4051492027178779284,"core2","f4b76e1803cd2605d808916783df8e9c7c74b60968f1484e6e5449cd13b1d998",0.0192923795649,0.0352198122108,0.706986444213,0.884932221064,0.783105035877,true,"",0.284271284271,0.721356421356,0.520355086632,true,"",0.272727272727,0.613636363636,0.188274793388,true,"",0.375000000000,0.375000000000,0.0703125000000,true,"",0,-4,16,true,"",0.941666666667,0.858333333333,0.736736111111,true,"",-0.921839423005,-7.48829415928,56.0745494159,true,"",1.58387859850,4.31066147592,18.5818023600,true,"",2.09509957965,4.87073918387,23.7241001973,true,"",2.28789126595,4.36256024427,19.0319318849,true,"",11.6495136115,"VALID_FINITE","","poor",11026,false
78,-335089894947650750,1057894557214647718,"core2","f4b76e1803cd2605d808916783df8e9c7c74b60968f1484e6e5449cd13b1d998",0.0189841054236,0.162675279519,0.412162162162,-0.589189189189,0.347143900657,true,"",0.107180570222,-0.164097148891,0.0269278742742,true,"",0.371428571429,1.10714285714,0.612882653061,true,"",0.357142857143,0.285714285714,0.0408163265306,true,"",1,1.00000000000,1.00000000000,true,"",0.877663772691,0.538318863457,0.289787198754,true,"",-0.0659285137083,-4.31825375448,18.6473154880,true,"",1.24944296144,3.07201096831,9.43725138939,true,"",1.67209785794,3.30406614050,10.9168530608,true,"",1.87943996600,2.84977765183,8.12123266489,true,"",7.03137330515,"VALID_FINITE","","poor",5359,false
79,-8569067745039399615,-1880657729547218062,"core2","f4b76e1803cd2605d808916783df8e9c7c74b60968f1484e6e5449cd13b1d998",0.0141984957834,0.195294152701,0.275303643725,-1.27348178138,1.62175584750,true,"",0.131551901336,-0.0422404933196,0.00178425927589,true,"",0.0800000000000,-0.350000000000,0.0612500000000,true,"",0.800000000000,2.50000000000,3.12500000000,true,"",0.666666666667,-0.666666666667,0.444444444444,true,"",0.722780569514,-0.236097152429,0.0557418653850,true,"",0.820377247883,-1.03563982266,1.07254984227,true,"",0.994756944588,2.12872942440,4.53148896230,true,"",1.35024801833,2.11202969753,4.46066944327,true,"",1.59017283160,1.77841789480,3.16277020855,true,"",4.30551447251,"VALID_FINITE","","poor",3209,false
80,1602596663082995166,2847609089495935005,"core2","f4b76e1803cd2605d808916783df8e9c7c74b60968f1484e6e5449cd13b1d998",0.00591144048192,0.179360172521,0.487804878049,-0.210975609756,0.0445107079120,true,"",0.301587301587,0.807936507937,0.652761400857,true,"",0.0800000000000,-0.350000000000,0.0612500000000,true,"",0.375000000000,0.375000000000,0.0703125000000,true,"",0.500000000000,-1.50000000000,2.25000000000,true,"",0.575575575576,-0.972122122122,0.945021420319,true,"",1.13707760714,0.137324470878,0.0188580103018,true,"",0.214843848048,-0.759837599823,0.577353178105,true,"",0.499687082618,-1.03819599030,1.07785091428,true,"",0.401400540782,-2.62444244155,6.88769812901,true,"",3.54762121157,"VALID_FINITE","","borderline",1226,true
81,4614669092457072594,2710664582566718523,"core2","f4b76e1803cd2605d808916783df8e9c7c74b60968f1484e6e5449cd13b1d998",0.0233977225613,0.161843087429,0.341991341991,-0.940043290043,0.883681387155,true,"",0.116118554608,-0.119407226959,0.0142580858500,true,"",0.318181818182,0.840909090909,0.353564049587,true,"",0.750000000000,2.25000000000,2.53125000000,true,"",0,-4,16,true,"",0.875621890547,0.528109452736,0.278899594069,true,"",0.0150289903651,-4.01841114680,16.1476281447,true,"",1.44279322594,3.78812305904,14.3498763104,true,"",1.84707886207,3.95214393358,15.6194416717,true,"",1.99352440317,3.27231260432,10.7080297804,true,"",8.76850209693,"VALID_FINITE","","poor",6985,false
82,6196017238267404288,-2423152013736412459,"core2","f4b76e1803cd2605d808916783df8e9c7c74b60968f1484e6e5449cd13b1d998",0.0294238045724,0.134349219463,0.396074933095,-0.669625334523,0.448398088635,true,"",0.121587462083,-0.0920626895854,0.00847553881371,true,"",0.346153846154,0.980769230769,0.480954142012,true,"",0.600000000000,1.50000000000,1.12500000000,true,"",NaN,3,9,false,"EC_POPULATION_ZERO",0.944734098019,0.873670490094,0.763300125261,true,"",-0.288965484263,-5.14431660838,26.4639933673,true,"",1.65166560392,4.56172445897,20.8093300396,true,"",2.04186620272,4.67357852860,21.8423362630,true,"",2.19931627425,4.03450471946,16.2772283313,true,"",9.85997038007,"STROMAL_COMPARTMENT_LOSS","EC_POPULATION_ZERO","invalid",10440,false
83,-6300149401731574896,5641339342086831927,"core2","f4b76e1803cd2605d808916783df8e9c7c74b60968f1484e6e5449cd13b1d998",0.0254210740933,0.195092022010,0.322222222222,-1.03888888889,1.07929012346,true,"",0.120797931289,-0.0960103435537,0.00921798606931,true,"",0.333333333333,0.916666666667,0.420138888889,true,"",NaN,3,4.50000000000,false,"EC_POPULATION_ZERO",NaN,3,9,false,"EC_POPULATION_ZERO",0.879385964912,0.546929824561,0.299132232995,true,"",0.319003366676,-2.89258012342,8.36701977042,true,"",1.40140054078,3.63481681771,13.2118932983,true,"",1.86260836396,4.00966060728,16.0773781856,true,"",2.03454824710,3.42425276703,11.7255070125,true,"",8.04298312184,"STROMAL_COMPARTMENT_LOSS","EC_POPULATION_ZERO","invalid",7115,false
84,1215215727344886241,-8742436023417709839,"core2","f4b76e1803cd2605d808916783df8e9c7c74b60968f1484e6e5449cd13b1d998",0.00586682979875,0.0614464305744,0.578313253012,0.241566265060,0.0583542604152,true,"",0.384615384615,1.22307692308,1.49591715976,true,"",0.136363636364,-0.0681818181818,0.00232438016529,true,"",0.888888888889,2.94444444444,4.33487654321,true,"",0.583333333333,-1.08333333333,1.17361111111,true,"",0.632000000000,-0.690000000000,0.476100000000,true,"",1.02783753078,-0.267268404515,0.0714324000519,true,"",0.521138083704,0.374585495200,0.140314293214,true,"",0.751279103983,-0.106373688951,0.0113153617010,true,"",0.892094602690,-0.807057027072,0.651341044947,true,"",2.90096303916,"VALID_FINITE","","good",1388,true
85,7270712557325233144,-3002423672794060316,"core2","f4b76e1803cd2605d808916783df8e9c7c74b60968f1484e6e5449cd13b1d998",0.0190246198124,0.152006261144,0.363354037267,-0.833229813665,0.694271922380,true,"",0.161362367393,0.106811836963,0.0114087685153,true,"",0.181818181818,0.159090909091,0.0126549586777,true,"",0.642857142857,1.71428571429,1.46938775510,true,"",1,1.00000000000,1.00000000000,true,"",0.778345250255,0.0417262512768,0.00174108004562,true,"",0.614124502729,-1.79953887878,3.23834017624,true,"",1.10991586302,2.55524393713,6.52927157821,true,"",1.55193769536,2.85902850135,8.17404397154,true,"",1.85515557718,2.75983547103,7.61669182713,true,"",5.36169861498,"VALID_FINITE","","poor",4409,false
86,8702660864981533472,1151967575997172298,"core2","f4b76e1803cd2605d808916783df8e9c7c74b60968f1484e6e5449cd13b1d998",0.0192911229981,0.129394197130,0.459566074951,-0.352169625247,0.124023444946,true,"",0.142164781906,0.0108239095315,0.000117157017546,true,"",0.542857142857,1.96428571429,1.92920918367,true,"",0.857142857143,2.78571428571,3.88010204082,true,"",NaN,3,9,false,"EC_POPULATION_ZERO",0.919354838710,0.746774193548,0.557671696150,true,"",0.176091259056,-3.42188422572,11.7092916542,true,"",1.30706795066,3.28543685430,10.7940953236,true,"",1.76522136630,3.64896802335,13.3149676354,true,"",1.99581063168,3.28078011732,10.7635181782,true,"",7.87864178105,"STROMAL_COMPARTMENT_LOSS","EC_POPULATION_ZERO","invalid",6246,false
87,5704326488924986162,1081732631259701774,"core2","f4b76e1803cd2605d808916783df8e9c7c74b60968f1484e6e5449cd13b1d998",0.0106409225921,0.175037315775,0.462184873950,-0.339075630252,0.114972283031,true,"",0.208747514911,0.343737574553,0.118155520159,true,"",0.321428571429,0.857142857143,0.367346938776,true,"",0.142857142857,-0.785714285714,0.308673469388,true,"",NaN,3,9,false,"EC_POPULATION_ZERO",0.742581602374,-0.137091988131,0.0187942132096,true,"",0.946355381434,-0.569054142837,0.323822617480,true,"",0.677606952720,0.954099824891,0.910306475856,true,"",1.09342168516,1.16082105616,1.34750552442,true,"",1.30362797638,0.717140653274,0.514290716578,true,"",3.60885962028,"STROMAL_COMPARTMENT_LOSS","EC_POPULATION_ZERO","invalid",2196,false
88,-213048067571538525,-7921698157963898294,"core2","f4b76e1803cd2605d808916783df8e9c7c74b60968f1484e6e5449cd13b1d998",0.0103034606673,0.0153566550330,0.869565217391,1.69782608696,2.88261342155,true,"",0.591635338346,2.25817669173,5.09936197107,true,"",0.318181818182,0.840909090909,0.353564049587,true,"",0.388888888889,0.444444444444,0.0987654320988,true,"",1,1.00000000000,1.00000000000,true,"",0.835370823146,0.326854115729,0.106833612969,true,"",0.537907735645,-2.08182320131,4.33398784153,true,"",1.07773117965,2.43604140612,5.93429773233,true,"",1.60205999133,3.04466663455,9.26999491553,true,"",1.93003161495,3.03715412945,9.22430520602,true,"",6.18900025712,"VALID_FINITE","","poor",4983,false
89,-8730068380559609140,9130666804376679410,"core2","f4b76e1803cd2605d808916783df8e9c7c74b60968f1484e6e5449cd13b1d998",0.0123878195555,0.192796731246,0.445205479452,-0.423972602740,0.179752767874,true,"",0.186157517900,0.230787589499,0.0532629114667,true,"",0.0526315789474,-0.486842105263,0.118507617729,true,"",1,3.50000000000,6.12500000000,true,"",0,-4,16,true,"",0.658273381295,-0.558633093525,0.312070933182,true,"",1.11300128148,0.0481528943621,0.00231870123545,true,"",0.766412847112,1.28301054486,1.64611605822,true,"",1.05230909965,1.00855222092,1.01717758231,true,"",1.22427401429,0.423237089979,0.179129634334,true,"",5.06293750765,"VALID_FINITE","","poor",2185,false
90,-3763759065547243024,-3962214229155190593,"core2","f4b76e1803cd2605d808916783df8e9c7c74b60968f1484e6e5449cd13b1d998",0.0120574553271,0.186896880781,0.438095238095,-0.459523809524,0.211162131519,true,"",0.248538011696,0.542690058480,0.294512499573,true,"",0.379310344828,1.14655172414,0.657290428062,true,"",0.142857142857,-0.785714285714,0.308673469388,true,"",1,1.00000000000,1.00000000000,true,"",0.680779000847,-0.446104995766,0.199009667248,true,"",1.09445636534,-0.0205319802193,0.000421562211726,true,"",0.623249290398,0.752775149622,0.566670425888,true,"",0.976808337338,0.728919767919,0.531324028063,true,"",1.13608609738,0.0966151754967,0.00933449213625,true,"",1.94381035703,"VALID_FINITE","","good",2030,true
91,-8558797081608490053,-2278537859921244433,"core2","f4b76e1803cd2605d808916783df8e9c7c74b60968f1484e6e5449cd13b1d998",0.0155462310276,0.0995135562184,0.498861047836,-0.155694760820,0.0242408585468,true,"",0.161868806041,0.109344030203,0.0119561169410,true,"",0.571428571429,2.10714285714,2.22002551020,true,"",0.875000000000,2.87500000000,4.13281250000,true,"",0,-4,16,true,"",0.911581569116,0.707907845579,0.501133517832,true,"",0.133268964625,-3.58048531620,12.8198750996,true,"",1.24452451157,3.05379448730,9.32566077064,true,"",1.72065535655,3.48390872797,12.1376200248,true,"",1.92819094804,3.03033684459,9.18294139167,true,"",8.14593553806,"VALID_FINITE","","poor",5689,false
92,-124835081667252684,-3591355827534081865,"core2","f4b76e1803cd2605d808916783df8e9c7c74b60968f1484e6e5449cd13b1d998",0.00546186491919,0.140111293164,0.390243902439,-0.698780487805,0.488294170137,true,"",0,-0.700000000000,0.490000000000,true,"",0.272727272727,0.613636363636,0.188274793388,true,"",0.333333333333,0.166666666667,0.0138888888889,true,"",NaN,3,9,false,"EC_POPULATION_ZERO",0.532846715328,-1.18576642336,1.40604201076,true,"",1.06308480840,-0.136722931850,0.0186931600938,true,"",0.214843848048,-0.759837599823,0.577353178105,true,"",-0.443697499233,-4.53221296012,20.5409543159,true,"",-0.920818753952,-7.52155094056,56.5737285515,true,"",9.44972111063,"STROMAL_COMPARTMENT_LOSS","EC_POPULATION_ZERO","invalid",1001,false
93,-4197908844317723731,5737175799349906083,"core2","f4b76e1803cd2605d808916783df8e9c7c74b60968f1484e6e5449cd13b1d998",0.0260462697290,0.0399313835359,0.652991452991,0.614957264957,0.378172437724,true,"",0.268675343198,0.643376715992,0.413933598681,true,"",0.210526315789,0.302631578947,0.0457929362881,true,"",0.600000000000,1.50000000000,1.12500000000,true,"",0.500000000000,-1.50000000000,2.25000000000,true,"",0.957831325301,0.939156626506,0.882015169110,true,"",-1.19804583494,-8.51128087016,72.4419020508,true,"",1.67024585307,4.63054019657,21.4419025121,true,"",2.19832711772,5.25306339898,27.5946750737,true,"",2.35094543134,4.59609419014,21.1240818046,true,"",12.1530850233,"VALID_FINITE","","poor",13026,false
94,-727404017025927724,-8309007634840398319,"core2","f4b76e1803cd2605d808916783df8e9c7c74b60968f1484e6e5449cd13b1d998",0.0117753403506,0.0853066232630,0.604060913706,0.370304568528,0.137125473473,true,"",0.301606922126,0.808034610630,0.652919931977,true,"",0.129032258065,-0.104838709677,0.00549557752341,true,"",0.600000000000,1.50000000000,1.12500000000,true,"",NaN,3,9,false,"EC_POPULATION_ZERO",0.822522522523,0.262612612613,0.0689653843032,true,"",1.05291601957,-0.174385112722,0.0304101675390,true,"",0.896526217490,1.76491191663,3.11491407346,true,"",1.28239550474,1.86072409164,3.46229414521,true,"",1.51000851294,1.48151301089,2.19488080144,true,"",4.44882069260,"STROMAL_COMPARTMENT_LOSS","EC_POPULATION_ZERO","invalid",3083,false
95,8582515593837280739,-33432069393112307,"core2","f4b76e1803cd2605d808916783df8e9c7c74b60968f1484e6e5449cd13b1d998",0.0151177956541,0.151009177897,0.395348837209,-0.673255813953,0.453273391022,true,"",0.141552511416,0.00776255707763,6.02572923834e-05,true,"",0.148148148148,-0.00925925925926,4.28669410151e-05,true,"",0.666666666667,1.83333333333,1.68055555556,true,"",NaN,3,9,false,"EC_POPULATION_ZERO",0.805918189730,0.179590948651,0.0322529088374,true,"",0.215067576643,-3.27752749391,10.7421864734,true,"",0.837588438236,1.54662384532,2.39204531890,true,"",1.43200668727,2.41483958248,5.83145020911,true,"",1.72065535655,2.26168650575,5.11522585028,true,"",5.93692621070,"STROMAL_COMPARTMENT_LOSS","EC_POPULATION_ZERO","invalid",3494,false
96,4336235308323171433,8931200601667021768,"core2","f4b76e1803cd2605d808916783df8e9c7c74b60968f1484e6e5449cd13b1d998",0.0142655441374,0.118162042586,0.462121212121,-0.339393939394,0.115188246097,true,"",0.200796812749,0.303984063745,0.0924063110109,true,"",0.241379310345,0.456896551724,0.104377229489,true,"",0.500000000000,1,0.500000000000,true,"",0,-4,16,true,"",0.841130604288,0.355653021442,0.126489071661,true,"",0.818987504355,-1.04078702091,1.08323762289,true,"",1.02366391820,2.23579228962,4.99876716233,true,"",1.49471102521,2.64707787113,7.00702125583,true,"",1.70070371715,2.18779154498,4.78643184429,true,"",5.90033208757,"VALID_FINITE","","poor",3976,false
97,8814601566048399914,-8073009182277028147,"core2","f4b76e1803cd2605d808916783df8e9c7c74b60968f1484e6e5449cd13b1d998",0.00958814554449,0.165388253877,0.400000000000,-0.650000000000,0.422500000000,true,"",0.242574257426,0.512871287129,0.263036957161,true,"",0.290322580645,0.701612903226,0.246130332986,true,"",0,-1.50000000000,1.12500000000,true,"",NaN,3,9,false,"EC_POPULATION_ZERO",0.543399638336,-1.13300180832,1.28369309765,true,"",1.19815351215,0.363531526489,0.132155170751,true,"",0.602059991328,0.674296264178,0.454675451884,true,"",0.852479993637,0.268444420877,0.0720624071001,true,"",0.907411360775,-0.750328293427,0.562992547918,true,"",3.68269547553,"STROMAL_COMPARTMENT_LOSS","EC_POPULATION_ZERO","invalid",1807,false
98,-6733442477623970204,438036199202167229,"core2","f4b76e1803cd2605d808916783df8e9c7c74b60968f1484e6e5449cd13b1d998",0.00712251897021,0.158829875491,0.292682926829,-1.18658536585,1.40798483046,true,"",0.324675324675,0.923376623377,0.852624388598,true,"",0.250000000000,0.500000000000,0.125000000000,true,"",0.666666666667,1.83333333333,1.68055555556,true,"",NaN,3,9,false,"EC_POPULATION_ZERO",0.284394250513,-2.42802874743,5.89532359836,true,"",1.01414176946,-0.317993446444,0.101119831981,true,"",0.214843848048,-0.759837599823,0.577353178105,true,"",0.235528446908,-2.01656130775,4.06651950791,true,"",0.488550716500,-2.30166401296,5.29765722856,true,"",5.38554900818,"STROMAL_COMPARTMENT_LOSS","EC_POPULATION_ZERO","invalid",1157,false
99,-9129287081157539853,-2161787366795414848,"core2","f4b76e1803cd2605d808916783df8e9c7c74b60968f1484e6e5449cd13b1d998",0.00651475332749,0.0547174110944,0.707692307692,0.888461538462,0.789363905325,true,"",0.434959349593,1.47479674797,2.17502544782,true,"",0.160000000000,0.0500000000000,0.00125000000000,true,"",0.500000000000,1,0.500000000000,true,"",0,-4,16,true,"",0.752800000000,-0.0860000000000,0.00739600000000,true,"",1.07224471822,-0.102797339915,0.0105672930935,true,"",0.414973347971,-0.0186172297377,0.000346601243107,true,"",0.772321706723,-0.0284381232484,0.000808726853894,true,"",0.992995098431,-0.433351487291,0.187793511538,true,"",4.43537501074,"VALID_FINITE","","poor",1676,false
